conversation_id,fan_model_id,message_count,revenue,purchase_count,purchase_rate,duration_hours,messages_before_first_purchase,time_to_first_purchase_hrs,days_between_first_last_purchase,active,days_since_last_message
B.o.b_693154_Model3_C1,B.o.b_693154_Model3,58,0,0,0.0,1.6369444444444445,58,,0,False,4
TO_888682_Model5_C1,TO_888682_Model5,3,0,0,0.0,0.003611111111111111,3,,0,False,4
TO_888682_Model5_C2,TO_888682_Model5,2,0,0,0.0,0.005,2,,0,False,2
TO_888682_Model5_C3,TO_888682_Model5,9,0,0,0.0,0.7491666666666666,9,,0,True,0
fan_117936_Model21_C1,fan_117936_Model21,115,1,1,0.008695652173913044,5.731111111111111,181,1.5397222222222222,0,False,4
fan_117936_Model21_C2,fan_117936_Model21,49,0,0,0.0,0.9819444444444444,49,,0,False,3
fan_120596_Model15_C1,fan_120596_Model15,1,0,0,0.0,0.0,1,,0,False,5
fan_120596_Model15_C2,fan_120596_Model15,9,1,1,0.1111111111111111,0.36916666666666664,6,0.19666666666666666,0,False,5
fan_120596_Model17_C1,fan_120596_Model17,1,0,0,0.0,0.0,1,,0,False,5
fan_120596_Model21_C1,fan_120596_Model21,7,0,0,0.0,0.2561111111111111,7,,0,True,1
fan_120596_Model2_C1,fan_120596_Model2,1,0,0,0.0,0.0,1,,0,False,4
fan_120596_Model2_C2,fan_120596_Model2,20,0,0,0.0,0.4111111111111111,20,,0,False,4
fan_120596_Model3_C1,fan_120596_Model3,1,0,0,0.0,0.0,1,,0,False,3
fan_120596_Model3_C2,fan_120596_Model3,1,0,0,0.0,0.0,1,,0,False,2
fan_120596_Model7_C1,fan_120596_Model7,1,0,0,0.0,0.0,1,,0,False,6
fan_120596_Model7_C2,fan_120596_Model7,1,0,0,0.0,0.0,1,,0,False,5
fan_120596_Model7_C3,fan_120596_Model7,8,0,0,0.0,0.39694444444444443,8,,0,False,4
fan_120596_Model7_C4,fan_120596_Model7,1,0,0,0.0,0.0,1,,0,False,4
fan_120596_Model7_C5,fan_120596_Model7,1,0,0,0.0,0.0,1,,0,False,3
fan_120596_Model7_C6,fan_120596_Model7,3,0,0,0.0,0.4425,3,,0,False,3
fan_120596_Model7_C7,fan_120596_Model7,8,0,0,0.0,0.5986111111111111,8,,0,False,2
fan_120596_Model7_C8,fan_120596_Model7,2,0,0,0.0,0.145,2,,0,False,2
fan_120596_Model7_C9,fan_120596_Model7,5,0,0,0.0,0.6036111111111111,5,,0,True,1
fan_120596_Model9_C1,fan_120596_Model9,1,0,0,0.0,0.0,1,,0,False,4
fan_123067_Model12_C1,fan_123067_Model12,1,0,0,0.0,0.0,1,,0,False,5
fan_123067_Model12_C2,fan_123067_Model12,16,1,1,0.0625,2.3419444444444446,-58669,2.1622222222222223,0,True,0
fan_134674_Model16_C1,fan_134674_Model16,16,1,1,0.0625,3.2469444444444444,-2152526,3.245277777777778,0,False,4
fan_134674_Model16_C2,fan_134674_Model16,32,0,0,0.0,1.8933333333333333,32,,0,False,4
fan_153196_Model10_C1,fan_153196_Model10,1,0,0,0.0,0.0,1,,0,False,6
fan_153196_Model10_C2,fan_153196_Model10,8,0,0,0.0,0.6213888888888889,8,,0,False,5
fan_153196_Model10_C3,fan_153196_Model10,2,0,0,0.0,0.051666666666666666,2,,0,False,5
fan_153196_Model1_C1,fan_153196_Model1,6,0,0,0.0,0.38472222222222224,6,,0,False,4
fan_162019_Model5_C1,fan_162019_Model5,2,0,0,0.0,0.09666666666666666,2,,0,False,6
fan_162019_Model5_C2,fan_162019_Model5,14,0,0,0.0,4.1066666666666665,14,,0,False,5
fan_162019_Model5_C3,fan_162019_Model5,2,0,0,0.0,0.1575,2,,0,False,4
fan_165617_Model3_C1,fan_165617_Model3,1,0,0,0.0,0.0,1,,0,False,5
fan_169038_Model11_C1,fan_169038_Model11,1,0,0,0.0,0.0,1,,0,False,2
fan_169038_Model11_C2,fan_169038_Model11,5,0,0,0.0,7.842777777777778,5,,0,True,1
fan_169038_Model11_C3,fan_169038_Model11,6,1,1,0.16666666666666666,1.023611111111111,-3554749,1.023611111111111,0,True,1
fan_169038_Model11_C4,fan_169038_Model11,2,0,0,0.0,0.03027777777777778,2,,0,True,0
fan_169038_Model11_C5,fan_169038_Model11,3,0,0,0.0,0.11333333333333333,3,,0,True,0
fan_169038_Model2_C1,fan_169038_Model2,1,0,0,0.0,0.0,1,,0,False,4
fan_169038_Model2_C2,fan_169038_Model2,31,2,2,0.06451612903225806,5.542222222222223,181,2.734722222222222,0,False,3
fan_169038_Model2_C3,fan_169038_Model2,3,0,0,0.0,0.13,3,,0,True,0
fan_169038_Model2_C4,fan_169038_Model2,46,5,5,0.10869565217391304,5.4875,-768,3.0433333333333334,0,True,0
fan_203942_Model21_C1,fan_203942_Model21,14,1,1,0.07142857142857142,0.7133333333333334,-516,0.4725,0,True,1
fan_204170_Model17_C1,fan_204170_Model17,5,0,0,0.0,0.21777777777777776,5,,0,False,4
fan_204170_Model9_C1,fan_204170_Model9,8,0,0,0.0,0.5211111111111111,8,,0,False,6
fan_204170_Model9_C2,fan_204170_Model9,2,0,0,0.0,0.175,2,,0,False,4
fan_204170_Model9_C3,fan_204170_Model9,58,2,2,0.034482758620689655,2.109166666666667,259,0.6977777777777778,0,False,4
fan_204170_Model9_C4,fan_204170_Model9,22,0,0,0.0,15.266111111111112,22,,0,False,3
fan_204170_Model9_C5,fan_204170_Model9,12,0,0,0.0,7.434166666666667,12,,0,False,2
fan_204170_Model9_C6,fan_204170_Model9,5,0,0,0.0,1.6425,5,,0,False,2
fan_204278_Model11_C1,fan_204278_Model11,32,0,0,0.0,4.296944444444445,32,,0,False,6
fan_204278_Model11_C2,fan_204278_Model11,6,0,0,0.0,2.1372222222222224,6,,0,False,6
fan_204278_Model11_C3,fan_204278_Model11,3,0,0,0.0,0.013888888888888888,3,,0,False,4
fan_204278_Model11_C4,fan_204278_Model11,13,0,0,0.0,6.449166666666667,13,,0,False,2
fan_206051_Model12_C1,fan_206051_Model12,3,0,0,0.0,3.641388888888889,3,,0,False,5
fan_206051_Model12_C2,fan_206051_Model12,6,0,0,0.0,0.6586111111111111,6,,0,False,4
fan_206051_Model12_C3,fan_206051_Model12,4,1,1,0.25,0.085,-16,0.04,0,False,3
fan_206051_Model12_C4,fan_206051_Model12,1,0,0,0.0,0.0,1,,0,False,3
fan_206051_Model14_C1,fan_206051_Model14,1,0,0,0.0,0.0,1,,0,False,4
fan_206051_Model8_C1,fan_206051_Model8,3,0,0,0.0,0.08,3,,0,False,5
fan_206051_Model8_C2,fan_206051_Model8,11,1,1,0.09090909090909091,3.1863888888888887,-1588336,1.5130555555555556,0,True,1
fan_217442_Model15_C1,fan_217442_Model15,7,0,0,0.0,0.1986111111111111,7,,0,False,2
fan_218602_Model9_C1,fan_218602_Model9,8,1,1,0.125,0.49472222222222223,-61,0.3308333333333333,0,True,1
fan_218602_Model9_C2,fan_218602_Model9,10,1,1,0.1,1.5544444444444445,91,0.09861111111111111,0,True,1
fan_225771_Model17_C1,fan_225771_Model17,9,0,0,0.0,0.6391666666666667,9,,0,False,4
fan_225771_Model17_C2,fan_225771_Model17,9,1,1,0.1111111111111111,3.338888888888889,-774900,3.234722222222222,0,False,4
fan_245274_Model9_C1,fan_245274_Model9,1,0,0,0.0,0.0,1,,0,False,4
fan_258764_Model6_C1,fan_258764_Model6,6,0,0,0.0,2.3297222222222222,6,,0,False,3
fan_258764_Model6_C2,fan_258764_Model6,2,0,0,0.0,0.0005555555555555556,2,,0,False,2
fan_258764_Model6_C3,fan_258764_Model6,1,0,0,0.0,0.0,1,,0,False,2
fan_262036_Model10_C1,fan_262036_Model10,1,0,0,0.0,0.0,1,,0,True,1
fan_262036_Model10_C2,fan_262036_Model10,5,0,0,0.0,0.14777777777777779,5,,0,True,0
fan_262036_Model11_C1,fan_262036_Model11,1,0,0,0.0,0.0,1,,0,False,6
fan_262036_Model11_C2,fan_262036_Model11,1,0,0,0.0,0.0,1,,0,False,5
fan_262036_Model11_C3,fan_262036_Model11,6,0,0,0.0,2.558333333333333,6,,0,False,4
fan_262036_Model11_C4,fan_262036_Model11,6,0,0,0.0,0.1411111111111111,6,,0,False,3
fan_262036_Model11_C5,fan_262036_Model11,38,1,1,0.02631578947368421,2.1352777777777776,105,0.4913888888888889,0,True,1
fan_262036_Model11_C6,fan_262036_Model11,1,0,0,0.0,0.0,1,,0,True,0
fan_262036_Model12_C1,fan_262036_Model12,1,0,0,0.0,0.0,1,,0,False,6
fan_262036_Model12_C2,fan_262036_Model12,7,0,0,0.0,0.21583333333333332,7,,0,False,4
fan_262036_Model12_C3,fan_262036_Model12,16,0,0,0.0,2.272777777777778,16,,0,False,2
fan_262036_Model12_C4,fan_262036_Model12,4,0,0,0.0,1.9141666666666666,4,,0,True,1
fan_262036_Model12_C5,fan_262036_Model12,6,0,0,0.0,3.798611111111111,6,,0,True,0
fan_262036_Model13_C1,fan_262036_Model13,1,0,0,0.0,0.0,1,,0,False,6
fan_262036_Model15_C1,fan_262036_Model15,1,0,0,0.0,0.0,1,,0,False,5
fan_262036_Model15_C2,fan_262036_Model15,9,0,0,0.0,1.363611111111111,9,,0,False,4
fan_262036_Model15_C3,fan_262036_Model15,1,0,0,0.0,0.0,1,,0,False,4
fan_262036_Model15_C4,fan_262036_Model15,2,0,0,0.0,0.21972222222222224,2,,0,False,4
fan_262036_Model15_C5,fan_262036_Model15,1,0,0,0.0,0.0,1,,0,False,3
fan_262036_Model17_C1,fan_262036_Model17,3,0,0,0.0,0.0575,3,,0,False,4
fan_262036_Model17_C2,fan_262036_Model17,13,1,1,0.07692307692307693,4.063888888888889,866,0.18138888888888888,0,False,4
fan_262036_Model17_C3,fan_262036_Model17,3,0,0,0.0,0.09527777777777778,3,,0,False,3
fan_262036_Model17_C4,fan_262036_Model17,10,0,0,0.0,0.8622222222222222,10,,0,False,2
fan_262036_Model17_C5,fan_262036_Model17,3,0,0,0.0,0.014166666666666666,3,,0,False,2
fan_262036_Model17_C6,fan_262036_Model17,3,0,0,0.0,0.04722222222222222,3,,0,True,1
fan_262036_Model17_C7,fan_262036_Model17,1,0,0,0.0,0.0,1,,0,True,1
fan_262036_Model17_C8,fan_262036_Model17,1,0,0,0.0,0.0,1,,0,True,0
fan_262036_Model18_C1,fan_262036_Model18,1,0,0,0.0,0.0,1,,0,False,5
fan_262036_Model18_C2,fan_262036_Model18,1,0,0,0.0,0.0,1,,0,False,3
fan_262036_Model18_C3,fan_262036_Model18,13,0,0,0.0,2.168888888888889,13,,0,False,2
fan_262036_Model18_C4,fan_262036_Model18,1,0,0,0.0,0.0,1,,0,True,1
fan_262036_Model20_C1,fan_262036_Model20,1,0,0,0.0,0.0,1,,0,False,6
fan_262036_Model20_C2,fan_262036_Model20,12,0,0,0.0,3.549722222222222,12,,0,False,5
fan_262036_Model20_C3,fan_262036_Model20,1,0,0,0.0,0.0,1,,0,False,4
fan_262036_Model20_C4,fan_262036_Model20,21,1,1,0.047619047619047616,0.8852777777777778,-81,0.25055555555555553,0,False,4
fan_262036_Model20_C5,fan_262036_Model20,18,0,0,0.0,5.986944444444444,18,,0,False,3
fan_262036_Model20_C6,fan_262036_Model20,46,8,8,0.17391304347826086,10.020277777777778,-1471084,3.428888888888889,0,True,0
fan_262036_Model20_C7,fan_262036_Model20,11,1,1,0.09090909090909091,4.08,-104,4.025277777777778,0,True,0
fan_262036_Model21_C1,fan_262036_Model21,20,2,2,0.1,0.9575,5,0.09638888888888889,0,False,3
fan_262036_Model21_C2,fan_262036_Model21,4,0,0,0.0,0.14083333333333334,4,,0,False,3
fan_262036_Model2_C1,fan_262036_Model2,1,0,0,0.0,0.0,1,,0,False,6
fan_262036_Model2_C2,fan_262036_Model2,2,0,0,0.0,0.029444444444444443,2,,0,False,5
fan_262036_Model2_C3,fan_262036_Model2,7,0,0,0.0,0.29833333333333334,7,,0,False,4
fan_262036_Model2_C4,fan_262036_Model2,1,0,0,0.0,0.0,1,,0,False,3
fan_262036_Model2_C5,fan_262036_Model2,3,0,0,0.0,0.0030555555555555557,3,,0,False,3
fan_262036_Model2_C6,fan_262036_Model2,20,0,0,0.0,3.3608333333333333,20,,0,True,0
fan_262036_Model2_C7,fan_262036_Model2,12,1,1,0.08333333333333333,0.4975,-90,0.2688888888888889,0,True,0
fan_262036_Model3_C1,fan_262036_Model3,1,0,0,0.0,0.0,1,,0,False,6
fan_262036_Model3_C2,fan_262036_Model3,1,0,0,0.0,0.0,1,,0,False,4
fan_262036_Model3_C3,fan_262036_Model3,2,0,0,0.0,0.05138888888888889,2,,0,False,3
fan_262036_Model3_C4,fan_262036_Model3,1,0,0,0.0,0.0,1,,0,True,1
fan_262036_Model4_C1,fan_262036_Model4,9,0,0,0.0,3.9580555555555557,9,,0,False,5
fan_262036_Model4_C2,fan_262036_Model4,1,0,0,0.0,0.0,1,,0,False,3
fan_262036_Model4_C3,fan_262036_Model4,1,0,0,0.0,0.0,1,,0,False,3
fan_262036_Model4_C4,fan_262036_Model4,7,0,0,0.0,0.3288888888888889,7,,0,False,2
fan_262036_Model5_C1,fan_262036_Model5,3,0,0,0.0,0.04972222222222222,3,,0,False,6
fan_262036_Model5_C2,fan_262036_Model5,4,0,0,0.0,0.10666666666666667,4,,0,False,6
fan_262036_Model5_C3,fan_262036_Model5,4,0,0,0.0,0.2986111111111111,4,,0,False,2
fan_262036_Model7_C1,fan_262036_Model7,5,1,1,0.2,0.3375,0,0.0,0,False,5
fan_262036_Model9_C1,fan_262036_Model9,1,0,0,0.0,0.0,1,,0,False,5
fan_262922_Model2_C1,fan_262922_Model2,2,0,0,0.0,0.0005555555555555556,2,,0,False,5
fan_262922_Model2_C2,fan_262922_Model2,5,0,0,0.0,0.10583333333333333,5,,0,True,1
fan_262922_Model8_C1,fan_262922_Model8,2,0,0,0.0,0.0022222222222222222,2,,0,False,6
fan_262922_Model8_C10,fan_262922_Model8,1,0,0,0.0,0.0,1,,0,True,0
fan_262922_Model8_C2,fan_262922_Model8,4,0,0,0.0,0.2275,4,,0,False,6
fan_262922_Model8_C3,fan_262922_Model8,1,0,0,0.0,0.0,1,,0,False,4
fan_262922_Model8_C4,fan_262922_Model8,3,0,0,0.0,0.11083333333333334,3,,0,False,4
fan_262922_Model8_C5,fan_262922_Model8,2,0,0,0.0,0.45805555555555555,2,,0,False,3
fan_262922_Model8_C6,fan_262922_Model8,2,0,0,0.0,0.0022222222222222222,2,,0,False,3
fan_262922_Model8_C7,fan_262922_Model8,2,0,0,0.0,0.04083333333333333,2,,0,False,2
fan_262922_Model8_C8,fan_262922_Model8,1,0,0,0.0,0.0,1,,0,True,1
fan_262922_Model8_C9,fan_262922_Model8,7,0,0,0.0,0.8183333333333334,7,,0,True,1
fan_283381_Model10_C1,fan_283381_Model10,1,0,0,0.0,0.0,1,,0,False,6
fan_283381_Model10_C2,fan_283381_Model10,16,0,0,0.0,3.315,16,,0,False,6
fan_283381_Model10_C3,fan_283381_Model10,1,0,0,0.0,0.0,1,,0,False,5
fan_283381_Model10_C4,fan_283381_Model10,2,0,0,0.0,0.009166666666666667,2,,0,False,5
fan_283381_Model10_C5,fan_283381_Model10,1,0,0,0.0,0.0,1,,0,False,4
fan_283381_Model10_C6,fan_283381_Model10,1,0,0,0.0,0.0,1,,0,True,1
fan_283381_Model11_C1,fan_283381_Model11,6,0,0,0.0,0.11833333333333333,6,,0,False,4
fan_283381_Model11_C2,fan_283381_Model11,18,2,2,0.1111111111111111,1.878611111111111,1618755,1.3480555555555556,0,False,3
fan_283381_Model11_C3,fan_283381_Model11,1,0,0,0.0,0.0,1,,0,False,3
fan_283381_Model11_C4,fan_283381_Model11,5,0,0,0.0,0.1388888888888889,5,,0,False,3
fan_283381_Model11_C5,fan_283381_Model11,1,0,0,0.0,0.0,1,,0,False,2
fan_283381_Model11_C6,fan_283381_Model11,1,0,0,0.0,0.0,1,,0,True,1
fan_283381_Model11_C7,fan_283381_Model11,2,0,0,0.0,0.06194444444444445,2,,0,True,0
fan_283381_Model12_C1,fan_283381_Model12,52,3,3,0.057692307692307696,1.21,-374,0.6255555555555555,0,False,5
fan_283381_Model12_C2,fan_283381_Model12,3,0,0,0.0,0.003611111111111111,3,,0,False,4
fan_283381_Model12_C3,fan_283381_Model12,8,1,1,0.125,0.29138888888888886,-34,0.1125,0,False,2
fan_283381_Model12_C4,fan_283381_Model12,1,0,0,0.0,0.0,1,,0,True,1
fan_283381_Model12_C5,fan_283381_Model12,19,1,1,0.05263157894736842,4.6194444444444445,135,0.535,0,True,0
fan_283381_Model14_C1,fan_283381_Model14,1,0,0,0.0,0.0,1,,0,False,5
fan_283381_Model15_C1,fan_283381_Model15,22,0,0,0.0,3.742777777777778,22,,0,False,5
fan_283381_Model15_C2,fan_283381_Model15,60,7,7,0.11666666666666667,2.4058333333333333,66,0.4488888888888889,0,False,4
fan_283381_Model15_C3,fan_283381_Model15,2,0,0,0.0,0.6563888888888889,2,,0,False,3
fan_283381_Model15_C4,fan_283381_Model15,44,5,5,0.11363636363636363,0.915,-129,0.3327777777777778,0,True,1
fan_283381_Model17_C1,fan_283381_Model17,4,0,0,0.0,3.357222222222222,4,,0,False,4
fan_283381_Model17_C2,fan_283381_Model17,3,0,0,0.0,1.5552777777777778,3,,0,False,3
fan_283381_Model17_C3,fan_283381_Model17,2,0,0,0.0,0.06277777777777778,2,,0,True,1
fan_283381_Model17_C4,fan_283381_Model17,5,0,0,0.0,0.3680555555555556,5,,0,True,0
fan_283381_Model18_C1,fan_283381_Model18,5,0,0,0.0,0.3894444444444444,5,,0,False,6
fan_283381_Model18_C2,fan_283381_Model18,1,0,0,0.0,0.0,1,,0,False,3
fan_283381_Model18_C3,fan_283381_Model18,1,0,0,0.0,0.0,1,,0,True,0
fan_283381_Model19_C1,fan_283381_Model19,6,1,1,0.16666666666666666,0.27666666666666667,-110,0.13527777777777777,0,False,6
fan_283381_Model19_C2,fan_283381_Model19,6,0,0,0.0,0.435,6,,0,False,5
fan_283381_Model19_C3,fan_283381_Model19,1,0,0,0.0,0.0,1,,0,False,2
fan_283381_Model20_C1,fan_283381_Model20,22,0,0,0.0,0.5783333333333334,22,,0,False,5
fan_283381_Model20_C2,fan_283381_Model20,1,0,0,0.0,0.0,1,,0,False,4
fan_283381_Model20_C3,fan_283381_Model20,10,0,0,0.0,0.1288888888888889,10,,0,True,1
fan_283381_Model20_C4,fan_283381_Model20,3,0,0,0.0,0.0044444444444444444,3,,0,True,0
fan_283381_Model21_C1,fan_283381_Model21,1,0,0,0.0,0.0,1,,0,False,4
fan_283381_Model21_C2,fan_283381_Model21,1,0,0,0.0,0.0,1,,0,False,3
fan_283381_Model21_C3,fan_283381_Model21,1,0,0,0.0,0.0,1,,0,True,1
fan_283381_Model22_C1,fan_283381_Model22,14,0,0,0.0,1.3233333333333333,14,,0,False,2
fan_283381_Model2_C1,fan_283381_Model2,2,0,0,0.0,0.6088888888888889,2,,0,False,6
fan_283381_Model2_C2,fan_283381_Model2,1,0,0,0.0,0.0,1,,0,False,6
fan_283381_Model2_C3,fan_283381_Model2,1,0,0,0.0,0.0,1,,0,False,4
fan_283381_Model2_C4,fan_283381_Model2,6,0,0,0.0,0.009444444444444445,6,,0,False,4
fan_283381_Model2_C5,fan_283381_Model2,1,0,0,0.0,0.0,1,,0,False,3
fan_283381_Model2_C6,fan_283381_Model2,6,0,0,0.0,2.7875,6,,0,True,0
fan_283381_Model2_C7,fan_283381_Model2,1,0,0,0.0,0.0,1,,0,True,0
fan_283381_Model3_C1,fan_283381_Model3,1,0,0,0.0,0.0,1,,0,False,6
fan_283381_Model3_C10,fan_283381_Model3,8,0,0,0.0,4.247222222222222,8,,0,True,1
fan_283381_Model3_C11,fan_283381_Model3,4,0,0,0.0,0.05472222222222222,4,,0,True,1
fan_283381_Model3_C12,fan_283381_Model3,2,0,0,0.0,0.14305555555555555,2,,0,True,1
fan_283381_Model3_C13,fan_283381_Model3,4,0,0,0.0,2.441388888888889,4,,0,True,0
fan_283381_Model3_C14,fan_283381_Model3,2,0,0,0.0,0.0002777777777777778,2,,0,True,0
fan_283381_Model3_C2,fan_283381_Model3,2,0,0,0.0,0.0022222222222222222,2,,0,False,5
fan_283381_Model3_C3,fan_283381_Model3,1,0,0,0.0,0.0,1,,0,False,5
fan_283381_Model3_C4,fan_283381_Model3,8,0,0,0.0,0.3063888888888889,8,,0,False,4
fan_283381_Model3_C5,fan_283381_Model3,4,0,0,0.0,2.1491666666666664,4,,0,False,4
fan_283381_Model3_C6,fan_283381_Model3,29,0,0,0.0,1.385,29,,0,False,3
fan_283381_Model3_C7,fan_283381_Model3,2,0,0,0.0,0.01861111111111111,2,,0,False,3
fan_283381_Model3_C8,fan_283381_Model3,1,0,0,0.0,0.0,1,,0,False,2
fan_283381_Model3_C9,fan_283381_Model3,2,0,0,0.0,0.01888888888888889,2,,0,False,2
fan_283381_Model4_C1,fan_283381_Model4,1,0,0,0.0,0.0,1,,0,False,6
fan_283381_Model4_C2,fan_283381_Model4,11,0,0,0.0,4.321111111111111,11,,0,False,4
fan_283381_Model4_C3,fan_283381_Model4,3,0,0,0.0,1.6352777777777778,3,,0,False,4
fan_283381_Model4_C4,fan_283381_Model4,6,0,0,0.0,7.163611111111111,6,,0,False,3
fan_283381_Model4_C5,fan_283381_Model4,1,0,0,0.0,0.0,1,,0,False,2
fan_283381_Model4_C6,fan_283381_Model4,5,0,0,0.0,3.390277777777778,5,,0,True,1
fan_283381_Model4_C7,fan_283381_Model4,21,0,0,0.0,4.745833333333334,21,,0,True,1
fan_283381_Model5_C1,fan_283381_Model5,3,0,0,0.0,0.044444444444444446,3,,0,False,6
fan_283381_Model5_C2,fan_283381_Model5,1,0,0,0.0,0.0,1,,0,False,5
fan_283381_Model5_C3,fan_283381_Model5,5,0,0,0.0,0.10861111111111112,5,,0,False,4
fan_283381_Model5_C4,fan_283381_Model5,22,0,0,0.0,8.31611111111111,22,,0,False,2
fan_283381_Model5_C5,fan_283381_Model5,1,0,0,0.0,0.0,1,,0,True,0
fan_283381_Model6_C1,fan_283381_Model6,48,0,0,0.0,3.033888888888889,48,,0,False,3
fan_283381_Model6_C2,fan_283381_Model6,17,0,0,0.0,1.8325,17,,0,False,2
fan_283381_Model6_C3,fan_283381_Model6,23,0,0,0.0,2.975277777777778,23,,0,False,2
fan_283381_Model8_C1,fan_283381_Model8,3,0,0,0.0,0.30944444444444447,3,,0,False,6
fan_283381_Model8_C2,fan_283381_Model8,7,0,0,0.0,3.0125,7,,0,False,5
fan_283381_Model8_C3,fan_283381_Model8,1,0,0,0.0,0.0,1,,0,False,5
fan_283381_Model8_C4,fan_283381_Model8,1,0,0,0.0,0.0,1,,0,False,4
fan_283381_Model8_C5,fan_283381_Model8,1,0,0,0.0,0.0,1,,0,False,2
fan_283381_Model8_C6,fan_283381_Model8,1,0,0,0.0,0.0,1,,0,False,2
fan_283381_Model8_C7,fan_283381_Model8,4,0,0,0.0,0.11916666666666667,4,,0,True,1
fan_283381_Model8_C8,fan_283381_Model8,2,0,0,0.0,0.15138888888888888,2,,0,True,1
fan_283381_Model8_C9,fan_283381_Model8,1,0,0,0.0,0.0,1,,0,True,0
fan_283381_Model9_C1,fan_283381_Model9,1,0,0,0.0,0.0,1,,0,False,5
fan_283381_Model9_C2,fan_283381_Model9,1,0,0,0.0,0.0,1,,0,False,2
fan_283381_Model9_C3,fan_283381_Model9,1,0,0,0.0,0.0,1,,0,True,1
fan_290637_Model17_C1,fan_290637_Model17,1,0,0,0.0,0.0,1,,0,False,2
fan_290637_Model1_C1,fan_290637_Model1,2,0,0,0.0,0.03805555555555556,2,,0,False,2
fan_301680_Model15_C1,fan_301680_Model15,9,0,0,0.0,1.778888888888889,9,,0,False,6
fan_301680_Model15_C2,fan_301680_Model15,14,0,0,0.0,0.7758333333333334,14,,0,False,5
fan_301680_Model6_C1,fan_301680_Model6,12,0,0,0.0,1.1341666666666668,12,,0,False,6
fan_301680_Model6_C2,fan_301680_Model6,20,1,1,0.05,0.7566666666666667,292,0.2025,0,False,5
fan_315807_Model17_C1,fan_315807_Model17,11,0,0,0.0,0.7083333333333334,11,,0,False,5
fan_315807_Model17_C2,fan_315807_Model17,2,0,0,0.0,0.0005555555555555556,2,,0,False,3
fan_320584_Model7_C1,fan_320584_Model7,4,0,0,0.0,0.2602777777777778,4,,0,False,6
fan_320584_Model7_C2,fan_320584_Model7,4,0,0,0.0,0.2675,4,,0,False,5
fan_320584_Model7_C3,fan_320584_Model7,1,0,0,0.0,0.0,1,,0,False,2
fan_320584_Model7_C4,fan_320584_Model7,2,0,0,0.0,0.2036111111111111,2,,0,True,1
fan_320584_Model7_C5,fan_320584_Model7,20,1,1,0.05,2.214722222222222,5293215,1.9302777777777778,0,True,1
fan_320584_Model7_C6,fan_320584_Model7,2,0,0,0.0,0.3975,2,,0,True,0
fan_323720_Model11_C1,fan_323720_Model11,1,0,0,0.0,0.0,1,,0,False,4
fan_323720_Model2_C1,fan_323720_Model2,2,0,0,0.0,0.018333333333333333,2,,0,False,2
fan_326779_Model15_C1,fan_326779_Model15,29,2,2,0.06896551724137931,1.1316666666666666,-191,0.6425,0,True,1
fan_330775_Model9_C1,fan_330775_Model9,9,1,1,0.1111111111111111,2.5825,0,0.0,0,False,3
fan_330775_Model9_C2,fan_330775_Model9,22,2,2,0.09090909090909091,4.381666666666667,-335,0.16111111111111112,0,True,0
fan_337913_Model3_C1,fan_337913_Model3,13,0,0,0.0,0.775,13,,0,False,6
fan_337913_Model3_C10,fan_337913_Model3,24,1,1,0.041666666666666664,1.91,240,1.1355555555555557,0,True,0
fan_337913_Model3_C11,fan_337913_Model3,3,0,0,0.0,0.2275,3,,0,True,0
fan_337913_Model3_C2,fan_337913_Model3,34,0,0,0.0,3.968888888888889,34,,0,False,5
fan_337913_Model3_C3,fan_337913_Model3,21,1,1,0.047619047619047616,4.866388888888889,-302,2.881388888888889,0,False,4
fan_337913_Model3_C4,fan_337913_Model3,13,0,0,0.0,0.49,13,,0,False,4
fan_337913_Model3_C5,fan_337913_Model3,14,0,0,0.0,2.075833333333333,14,,0,False,3
fan_337913_Model3_C6,fan_337913_Model3,21,0,0,0.0,1.2941666666666667,21,,0,False,3
fan_337913_Model3_C7,fan_337913_Model3,13,0,0,0.0,0.6433333333333333,13,,0,False,2
fan_337913_Model3_C8,fan_337913_Model3,1,0,0,0.0,0.0,1,,0,True,1
fan_337913_Model3_C9,fan_337913_Model3,12,0,0,0.0,2.395277777777778,12,,0,True,1
fan_340509_Model11_C1,fan_340509_Model11,23,0,0,0.0,0.3838888888888889,23,,0,False,5
fan_340509_Model11_C2,fan_340509_Model11,7,0,0,0.0,0.3561111111111111,7,,0,True,1
fan_354140_Model17_C1,fan_354140_Model17,2,0,0,0.0,0.001388888888888889,2,,0,False,5
fan_354140_Model17_C2,fan_354140_Model17,1,0,0,0.0,0.0,1,,0,False,5
fan_354140_Model17_C3,fan_354140_Model17,2,0,0,0.0,0.06277777777777778,2,,0,False,4
fan_354140_Model17_C4,fan_354140_Model17,1,0,0,0.0,0.0,1,,0,False,4
fan_354140_Model17_C5,fan_354140_Model17,10,0,0,0.0,11.129166666666666,10,,0,False,3
fan_355325_Model5_C1,fan_355325_Model5,6,0,0,0.0,0.6702777777777778,6,,0,False,6
fan_355325_Model5_C2,fan_355325_Model5,10,1,1,0.1,0.4911111111111111,72,0.4063888888888889,0,False,5
fan_355325_Model5_C3,fan_355325_Model5,1,0,0,0.0,0.0,1,,0,False,4
fan_355325_Model5_C4,fan_355325_Model5,4,0,0,0.0,0.5933333333333334,4,,0,False,3
fan_363004_Model10_C1,fan_363004_Model10,2,0,0,0.0,0.08638888888888889,2,,0,False,5
fan_363004_Model2_C1,fan_363004_Model2,1,0,0,0.0,0.0,1,,0,False,5
fan_363004_Model2_C2,fan_363004_Model2,8,0,0,0.0,0.4802777777777778,8,,0,False,4
fan_363318_Model9_C1,fan_363318_Model9,1,0,0,0.0,0.0,1,,0,True,0
fan_363993_Model7_C1,fan_363993_Model7,1,0,0,0.0,0.0,1,,0,False,6
fan_363993_Model7_C2,fan_363993_Model7,1,0,0,0.0,0.0,1,,0,False,5
fan_389488_Model11_C1,fan_389488_Model11,8,0,0,0.0,0.4575,8,,0,False,3
fan_389488_Model11_C2,fan_389488_Model11,5,0,0,0.0,0.18333333333333332,5,,0,False,2
fan_389488_Model11_C3,fan_389488_Model11,5,0,0,0.0,0.3288888888888889,5,,0,True,1
fan_389488_Model11_C4,fan_389488_Model11,1,0,0,0.0,0.0,1,,0,True,0
fan_389488_Model11_C5,fan_389488_Model11,1,0,0,0.0,0.0,1,,0,True,0
fan_389488_Model2_C1,fan_389488_Model2,1,0,0,0.0,0.0,1,,0,False,2
fan_389488_Model2_C2,fan_389488_Model2,1,0,0,0.0,0.0,1,,0,True,1
fan_389488_Model8_C1,fan_389488_Model8,13,0,0,0.0,0.08666666666666667,13,,0,True,0
fan_389488_Model9_C1,fan_389488_Model9,3,0,0,0.0,0.08611111111111111,3,,0,False,3
fan_398425_Model10_C1,fan_398425_Model10,24,1,1,0.041666666666666664,1.4897222222222222,-1607555,1.3547222222222222,0,False,3
fan_398425_Model10_C2,fan_398425_Model10,1,0,0,0.0,0.0,1,,0,False,3
fan_403211_Model12_C1,fan_403211_Model12,3,0,0,0.0,1.1575,3,,0,False,6
fan_403211_Model12_C2,fan_403211_Model12,7,1,1,0.14285714285714285,0.22555555555555556,19,0.03027777777777778,0,False,3
fan_403211_Model12_C3,fan_403211_Model12,9,0,0,0.0,0.8727777777777778,9,,0,False,3
fan_403211_Model12_C4,fan_403211_Model12,1,0,0,0.0,0.0,1,,0,True,1
fan_403211_Model19_C1,fan_403211_Model19,1,0,0,0.0,0.0,1,,0,False,3
fan_403211_Model19_C2,fan_403211_Model19,3,0,0,0.0,1.305,3,,0,False,2
fan_403211_Model7_C1,fan_403211_Model7,10,0,0,0.0,2.9230555555555555,10,,0,False,3
fan_414828_Model11_C1,fan_414828_Model11,1,0,0,0.0,0.0,1,,0,False,6
fan_414828_Model11_C2,fan_414828_Model11,3,0,0,0.0,0.07333333333333333,3,,0,False,5
fan_414828_Model11_C3,fan_414828_Model11,2,0,0,0.0,0.03777777777777778,2,,0,False,3
fan_414828_Model11_C4,fan_414828_Model11,12,3,3,0.25,0.3433333333333333,-140,0.051111111111111114,0,True,1
fan_414828_Model2_C1,fan_414828_Model2,1,0,0,0.0,0.0,1,,0,False,3
fan_421775_Model14_C1,fan_421775_Model14,3,0,0,0.0,0.08666666666666667,3,,0,False,6
fan_421775_Model14_C2,fan_421775_Model14,4,0,0,0.0,0.13194444444444445,4,,0,False,5
fan_421775_Model14_C3,fan_421775_Model14,6,0,0,0.0,0.0661111111111111,6,,0,True,1
fan_421775_Model18_C1,fan_421775_Model18,7,0,0,0.0,0.155,7,,0,True,0
fan_421775_Model21_C1,fan_421775_Model21,2,0,0,0.0,0.043055555555555555,2,,0,True,1
fan_425066_Model11_C1,fan_425066_Model11,15,1,1,0.06666666666666667,1.0625,-36,0.21833333333333332,0,False,2
fan_437527_Model10_C1,fan_437527_Model10,1,0,0,0.0,0.0,1,,0,False,4
fan_437527_Model10_C2,fan_437527_Model10,1,0,0,0.0,0.0,1,,0,False,3
fan_437527_Model10_C3,fan_437527_Model10,4,0,0,0.0,0.06194444444444445,4,,0,False,2
fan_437527_Model10_C4,fan_437527_Model10,4,0,0,0.0,0.09666666666666666,4,,0,False,2
fan_437527_Model10_C5,fan_437527_Model10,2,0,0,0.0,0.12861111111111112,2,,0,True,1
fan_437527_Model10_C6,fan_437527_Model10,3,0,0,0.0,3.868333333333333,3,,0,True,0
fan_437527_Model11_C1,fan_437527_Model11,5,0,0,0.0,0.30666666666666664,5,,0,False,6
fan_437527_Model11_C10,fan_437527_Model11,2,0,0,0.0,2.4297222222222223,2,,0,True,0
fan_437527_Model11_C2,fan_437527_Model11,1,0,0,0.0,0.0,1,,0,False,5
fan_437527_Model11_C3,fan_437527_Model11,2,0,0,0.0,0.013333333333333334,2,,0,False,4
fan_437527_Model11_C4,fan_437527_Model11,4,0,0,0.0,0.7755555555555556,4,,0,False,4
fan_437527_Model11_C5,fan_437527_Model11,4,0,0,0.0,0.4066666666666667,4,,0,False,4
fan_437527_Model11_C6,fan_437527_Model11,15,1,1,0.06666666666666667,2.7808333333333333,84,0.017777777777777778,0,False,3
fan_437527_Model11_C7,fan_437527_Model11,8,0,0,0.0,1.1444444444444444,8,,0,False,3
fan_437527_Model11_C8,fan_437527_Model11,2,0,0,0.0,0.5363888888888889,2,,0,False,2
fan_437527_Model11_C9,fan_437527_Model11,6,1,1,0.16666666666666666,0.24972222222222223,175,0.0775,0,True,1
fan_437527_Model12_C1,fan_437527_Model12,3,0,0,0.0,0.5791666666666667,3,,0,False,6
fan_437527_Model12_C10,fan_437527_Model12,5,0,0,0.0,0.23972222222222223,5,,0,True,0
fan_437527_Model12_C2,fan_437527_Model12,2,0,0,0.0,0.0475,2,,0,False,5
fan_437527_Model12_C3,fan_437527_Model12,45,0,0,0.0,4.43,45,,0,False,4
fan_437527_Model12_C4,fan_437527_Model12,1,0,0,0.0,0.0,1,,0,False,3
fan_437527_Model12_C5,fan_437527_Model12,60,0,0,0.0,6.014722222222222,60,,0,False,2
fan_437527_Model12_C6,fan_437527_Model12,2,0,0,0.0,0.33111111111111113,2,,0,False,2
fan_437527_Model12_C7,fan_437527_Model12,1,0,0,0.0,0.0,1,,0,True,1
fan_437527_Model12_C8,fan_437527_Model12,2,0,0,0.0,0.03861111111111111,2,,0,True,0
fan_437527_Model12_C9,fan_437527_Model12,1,0,0,0.0,0.0,1,,0,True,0
fan_437527_Model13_C1,fan_437527_Model13,9,0,0,0.0,0.3516666666666667,9,,0,False,4
fan_437527_Model15_C1,fan_437527_Model15,1,0,0,0.0,0.0,1,,0,False,5
fan_437527_Model15_C2,fan_437527_Model15,2,0,0,0.0,0.09583333333333334,2,,0,False,4
fan_437527_Model15_C3,fan_437527_Model15,13,2,2,0.15384615384615385,0.5369444444444444,-24,0.1675,0,True,1
fan_437527_Model15_C4,fan_437527_Model15,1,0,0,0.0,0.0,1,,0,True,1
fan_437527_Model15_C5,fan_437527_Model15,1,0,0,0.0,0.0,1,,0,True,0
fan_437527_Model17_C1,fan_437527_Model17,16,0,0,0.0,5.545,16,,0,False,4
fan_437527_Model17_C2,fan_437527_Model17,2,0,0,0.0,0.029722222222222223,2,,0,False,3
fan_437527_Model17_C3,fan_437527_Model17,3,0,0,0.0,0.5777777777777777,3,,0,True,1
fan_437527_Model17_C4,fan_437527_Model17,18,0,0,0.0,5.028611111111111,18,,0,True,0
fan_437527_Model17_C5,fan_437527_Model17,2,0,0,0.0,0.0005555555555555556,2,,0,True,0
fan_437527_Model18_C1,fan_437527_Model18,1,0,0,0.0,0.0,1,,0,False,6
fan_437527_Model18_C2,fan_437527_Model18,14,4,4,0.2857142857142857,2.755,44,2.3394444444444447,0,False,6
fan_437527_Model18_C3,fan_437527_Model18,1,0,0,0.0,0.0,1,,0,False,5
fan_437527_Model18_C4,fan_437527_Model18,1,0,0,0.0,0.0,1,,0,False,2
fan_437527_Model19_C1,fan_437527_Model19,3,0,0,0.0,0.4275,3,,0,False,3
fan_437527_Model1_C1,fan_437527_Model1,10,0,0,0.0,2.167777777777778,10,,0,False,5
fan_437527_Model1_C2,fan_437527_Model1,2,0,0,0.0,0.1511111111111111,2,,0,False,4
fan_437527_Model1_C3,fan_437527_Model1,3,0,0,0.0,0.12333333333333334,3,,0,False,3
fan_437527_Model1_C4,fan_437527_Model1,10,0,0,0.0,1.8544444444444443,10,,0,True,1
fan_437527_Model20_C1,fan_437527_Model20,6,0,0,0.0,0.23972222222222223,6,,0,False,6
fan_437527_Model20_C2,fan_437527_Model20,1,0,0,0.0,0.0,1,,0,False,5
fan_437527_Model20_C3,fan_437527_Model20,3,0,0,0.0,1.1527777777777777,3,,0,False,5
fan_437527_Model20_C4,fan_437527_Model20,2,0,0,0.0,0.004722222222222222,2,,0,False,4
fan_437527_Model20_C5,fan_437527_Model20,10,0,0,0.0,3.1533333333333333,10,,0,False,3
fan_437527_Model20_C6,fan_437527_Model20,13,1,1,0.07692307692307693,0.64,153,0.4172222222222222,0,False,2
fan_437527_Model20_C7,fan_437527_Model20,3,0,0,0.0,0.035,3,,0,False,2
fan_437527_Model20_C8,fan_437527_Model20,9,0,0,0.0,0.18944444444444444,9,,0,True,1
fan_437527_Model20_C9,fan_437527_Model20,1,0,0,0.0,0.0,1,,0,True,1
fan_437527_Model21_C1,fan_437527_Model21,1,0,0,0.0,0.0,1,,0,False,4
fan_437527_Model21_C2,fan_437527_Model21,1,0,0,0.0,0.0,1,,0,False,2
fan_437527_Model2_C1,fan_437527_Model2,2,0,0,0.0,0.2152777777777778,2,,0,False,6
fan_437527_Model2_C2,fan_437527_Model2,4,0,0,0.0,0.16111111111111112,4,,0,False,6
fan_437527_Model2_C3,fan_437527_Model2,4,0,0,0.0,0.04416666666666667,4,,0,False,5
fan_437527_Model2_C4,fan_437527_Model2,8,0,0,0.0,0.5669444444444445,8,,0,False,4
fan_437527_Model2_C5,fan_437527_Model2,15,0,0,0.0,0.44083333333333335,15,,0,False,4
fan_437527_Model2_C6,fan_437527_Model2,2,0,0,0.0,0.0019444444444444444,2,,0,False,3
fan_437527_Model2_C7,fan_437527_Model2,1,0,0,0.0,0.0,1,,0,False,2
fan_437527_Model2_C8,fan_437527_Model2,6,0,0,0.0,6.081666666666667,6,,0,True,1
fan_437527_Model3_C1,fan_437527_Model3,4,0,0,0.0,2.8966666666666665,4,,0,False,6
fan_437527_Model3_C10,fan_437527_Model3,6,0,0,0.0,4.665277777777778,6,,0,False,2
fan_437527_Model3_C11,fan_437527_Model3,1,0,0,0.0,0.0,1,,0,False,2
fan_437527_Model3_C12,fan_437527_Model3,12,0,0,0.0,4.287222222222222,12,,0,True,1
fan_437527_Model3_C13,fan_437527_Model3,20,0,0,0.0,5.878888888888889,20,,0,True,0
fan_437527_Model3_C14,fan_437527_Model3,17,1,1,0.058823529411764705,4.2780555555555555,2971509,4.092777777777778,0,True,0
fan_437527_Model3_C2,fan_437527_Model3,1,0,0,0.0,0.0,1,,0,False,6
fan_437527_Model3_C3,fan_437527_Model3,1,0,0,0.0,0.0,1,,0,False,6
fan_437527_Model3_C4,fan_437527_Model3,26,1,1,0.038461538461538464,5.679444444444444,1105470,4.183333333333334,0,False,5
fan_437527_Model3_C5,fan_437527_Model3,1,0,0,0.0,0.0,1,,0,False,5
fan_437527_Model3_C6,fan_437527_Model3,4,0,0,0.0,0.4386111111111111,4,,0,False,4
fan_437527_Model3_C7,fan_437527_Model3,24,0,0,0.0,2.4683333333333333,24,,0,False,4
fan_437527_Model3_C8,fan_437527_Model3,1,0,0,0.0,0.0,1,,0,False,4
fan_437527_Model3_C9,fan_437527_Model3,65,0,0,0.0,12.557777777777778,65,,0,False,3
fan_437527_Model4_C1,fan_437527_Model4,18,0,0,0.0,5.829722222222222,18,,0,False,4
fan_437527_Model4_C2,fan_437527_Model4,19,0,0,0.0,1.8911111111111112,19,,0,False,3
fan_437527_Model4_C3,fan_437527_Model4,5,0,0,0.0,1.1425,5,,0,False,3
fan_437527_Model4_C4,fan_437527_Model4,5,0,0,0.0,0.12166666666666667,5,,0,False,2
fan_437527_Model4_C5,fan_437527_Model4,1,0,0,0.0,0.0,1,,0,True,1
fan_437527_Model4_C6,fan_437527_Model4,3,0,0,0.0,0.15,3,,0,True,1
fan_437527_Model4_C7,fan_437527_Model4,10,0,0,0.0,2.6108333333333333,10,,0,True,0
fan_437527_Model5_C1,fan_437527_Model5,1,0,0,0.0,0.0,1,,0,False,6
fan_437527_Model5_C2,fan_437527_Model5,11,0,0,0.0,1.0013888888888889,11,,0,False,5
fan_437527_Model5_C3,fan_437527_Model5,1,0,0,0.0,0.0,1,,0,False,5
fan_437527_Model7_C1,fan_437527_Model7,1,0,0,0.0,0.0,1,,0,False,6
fan_437527_Model7_C2,fan_437527_Model7,1,0,0,0.0,0.0,1,,0,False,5
fan_437527_Model7_C3,fan_437527_Model7,10,0,0,0.0,1.383888888888889,10,,0,False,4
fan_437527_Model7_C4,fan_437527_Model7,3,0,0,0.0,0.5191666666666667,3,,0,False,3
fan_437527_Model7_C5,fan_437527_Model7,1,0,0,0.0,0.0,1,,0,False,3
fan_437527_Model7_C6,fan_437527_Model7,4,0,0,0.0,3.888611111111111,4,,0,True,1
fan_437527_Model7_C7,fan_437527_Model7,2,0,0,0.0,0.43805555555555553,2,,0,True,1
fan_437527_Model7_C8,fan_437527_Model7,9,1,1,0.1111111111111111,4.126944444444445,11,0.19416666666666665,0,True,0
fan_437527_Model7_C9,fan_437527_Model7,3,0,0,0.0,0.11777777777777777,3,,0,True,0
fan_437527_Model8_C1,fan_437527_Model8,3,0,0,0.0,0.0025,3,,0,False,6
fan_437527_Model8_C2,fan_437527_Model8,5,0,0,0.0,2.0547222222222223,5,,0,False,5
fan_437527_Model8_C3,fan_437527_Model8,2,0,0,0.0,0.002777777777777778,2,,0,False,3
fan_437527_Model9_C1,fan_437527_Model9,1,0,0,0.0,0.0,1,,0,False,6
fan_437527_Model9_C10,fan_437527_Model9,8,0,0,0.0,0.7688888888888888,8,,0,True,0
fan_437527_Model9_C2,fan_437527_Model9,5,0,0,0.0,2.5525,5,,0,False,5
fan_437527_Model9_C3,fan_437527_Model9,22,0,0,0.0,1.9483333333333333,22,,0,False,4
fan_437527_Model9_C4,fan_437527_Model9,4,0,0,0.0,4.5441666666666665,4,,0,False,4
fan_437527_Model9_C5,fan_437527_Model9,14,0,0,0.0,0.6083333333333333,14,,0,False,4
fan_437527_Model9_C6,fan_437527_Model9,2,0,0,0.0,0.0275,2,,0,False,3
fan_437527_Model9_C7,fan_437527_Model9,1,0,0,0.0,0.0,1,,0,True,1
fan_437527_Model9_C8,fan_437527_Model9,1,0,0,0.0,0.0,1,,0,True,1
fan_437527_Model9_C9,fan_437527_Model9,1,0,0,0.0,0.0,1,,0,True,0
fan_453139_Model18_C1,fan_453139_Model18,1,0,0,0.0,0.0,1,,0,True,1
fan_453139_Model18_C2,fan_453139_Model18,2,0,0,0.0,0.2011111111111111,2,,0,True,1
fan_453139_Model18_C3,fan_453139_Model18,28,0,0,0.0,3.7241666666666666,28,,0,True,0
fan_453139_Model18_C4,fan_453139_Model18,3,0,0,0.0,0.9886111111111111,3,,0,True,0
fan_461734_Model7_C1,fan_461734_Model7,1,0,0,0.0,0.0,1,,0,False,5
fan_46752_Model15_C1,fan_46752_Model15,1,0,0,0.0,0.0,1,,0,False,6
fan_46752_Model15_C2,fan_46752_Model15,7,1,1,0.14285714285714285,0.5813888888888888,-8,0.4975,0,False,5
fan_46752_Model15_C3,fan_46752_Model15,3,0,0,0.0,0.38722222222222225,3,,0,False,3
fan_46752_Model15_C4,fan_46752_Model15,3,0,0,0.0,0.17194444444444446,3,,0,False,2
fan_468600_Model6_C1,fan_468600_Model6,1,0,0,0.0,0.0,1,,0,False,6
fan_482708_Model8_C1,fan_482708_Model8,2,0,0,0.0,0.13194444444444445,2,,0,True,0
fan_484090_Model4_C1,fan_484090_Model4,24,2,2,0.08333333333333333,1.1380555555555556,465,0.125,0,True,1
fan_489339_Model17_C1,fan_489339_Model17,5,0,0,0.0,0.4272222222222222,5,,0,False,2
fan_489339_Model20_C1,fan_489339_Model20,1,0,0,0.0,0.0,1,,0,False,4
fan_489339_Model3_C1,fan_489339_Model3,60,4,4,0.06666666666666667,1.4694444444444446,-334,0.12805555555555556,0,False,6
fan_489339_Model3_C10,fan_489339_Model3,2,0,0,0.0,0.14333333333333334,2,,0,True,1
fan_489339_Model3_C11,fan_489339_Model3,31,0,0,0.0,1.4366666666666668,31,,0,True,0
fan_489339_Model3_C2,fan_489339_Model3,3,0,0,0.0,0.47805555555555557,3,,0,False,6
fan_489339_Model3_C3,fan_489339_Model3,22,2,2,0.09090909090909091,1.3019444444444443,-176,1.023611111111111,0,False,6
fan_489339_Model3_C4,fan_489339_Model3,44,3,3,0.06818181818181818,7.153888888888889,1106571,5.846666666666667,0,False,5
fan_489339_Model3_C5,fan_489339_Model3,67,0,0,0.0,2.1094444444444442,67,,0,False,5
fan_489339_Model3_C6,fan_489339_Model3,3,0,0,0.0,1.1772222222222222,3,,0,False,4
fan_489339_Model3_C7,fan_489339_Model3,30,2,2,0.06666666666666667,1.9336111111111112,222,1.1577777777777778,0,False,4
fan_489339_Model3_C8,fan_489339_Model3,7,0,0,0.0,0.7177777777777777,7,,0,False,3
fan_489339_Model3_C9,fan_489339_Model3,26,1,1,0.038461538461538464,1.4672222222222222,208,0.44222222222222224,0,False,3
fan_497185_Model12_C1,fan_497185_Model12,4,0,0,0.0,0.15083333333333335,4,,0,False,6
fan_497185_Model12_C2,fan_497185_Model12,8,0,0,0.0,3.555277777777778,8,,0,False,5
fan_497185_Model12_C3,fan_497185_Model12,16,2,2,0.125,0.385,255,0.16166666666666665,0,False,4
fan_497185_Model12_C4,fan_497185_Model12,5,0,0,0.0,1.3108333333333333,5,,0,False,2
fan_497185_Model12_C5,fan_497185_Model12,1,0,0,0.0,0.0,1,,0,True,0
fan_497185_Model12_C6,fan_497185_Model12,1,0,0,0.0,0.0,1,,0,True,0
fan_497185_Model1_C1,fan_497185_Model1,9,0,0,0.0,0.6772222222222222,9,,0,True,0
fan_497185_Model21_C1,fan_497185_Model21,7,0,0,0.0,4.243055555555555,7,,0,False,3
fan_497185_Model7_C1,fan_497185_Model7,1,0,0,0.0,0.0,1,,0,True,0
fan_503066_Model17_C1,fan_503066_Model17,18,0,0,0.0,9.577222222222222,18,,0,False,4
fan_503066_Model17_C2,fan_503066_Model17,119,1,1,0.008403361344537815,9.713333333333333,2053587,4.1994444444444445,0,False,3
fan_503066_Model17_C3,fan_503066_Model17,49,0,0,0.0,4.114166666666667,49,,0,False,2
fan_503066_Model17_C4,fan_503066_Model17,14,0,0,0.0,4.983055555555556,14,,0,True,0
fan_50496_Model5_C1,fan_50496_Model5,2,0,0,0.0,0.0008333333333333334,2,,0,True,0
fan_508175_Model10_C1,fan_508175_Model10,1,0,0,0.0,0.0,1,,0,False,5
fan_508175_Model10_C2,fan_508175_Model10,3,0,0,0.0,2.4355555555555557,3,,0,False,5
fan_508175_Model10_C3,fan_508175_Model10,2,0,0,0.0,0.05444444444444444,2,,0,False,3
fan_508175_Model10_C4,fan_508175_Model10,30,3,3,0.1,2.0658333333333334,332,1.1813888888888888,0,True,1
fan_508175_Model10_C5,fan_508175_Model10,8,0,0,0.0,1.6627777777777777,8,,0,True,0
fan_508175_Model10_C6,fan_508175_Model10,1,0,0,0.0,0.0,1,,0,True,0
fan_508175_Model11_C1,fan_508175_Model11,1,0,0,0.0,0.0,1,,0,False,6
fan_508175_Model11_C2,fan_508175_Model11,4,0,0,0.0,0.725,4,,0,False,5
fan_508175_Model11_C3,fan_508175_Model11,20,0,0,0.0,0.7636111111111111,20,,0,False,4
fan_508175_Model11_C4,fan_508175_Model11,10,0,0,0.0,1.9175,10,,0,False,3
fan_508175_Model11_C5,fan_508175_Model11,15,0,0,0.0,0.37194444444444447,15,,0,False,3
fan_508175_Model14_C1,fan_508175_Model14,3,0,0,0.0,0.1322222222222222,3,,0,True,1
fan_508175_Model15_C1,fan_508175_Model15,14,0,0,0.0,0.96,14,,0,False,5
fan_508175_Model15_C2,fan_508175_Model15,18,0,0,0.0,0.9319444444444445,18,,0,False,5
fan_508175_Model15_C3,fan_508175_Model15,11,0,0,0.0,3.7525,11,,0,False,4
fan_508175_Model15_C4,fan_508175_Model15,5,0,0,0.0,0.45444444444444443,5,,0,False,3
fan_508175_Model16_C1,fan_508175_Model16,4,0,0,0.0,0.9077777777777778,4,,0,True,1
fan_508175_Model18_C1,fan_508175_Model18,2,0,0,0.0,0.165,2,,0,False,3
fan_508175_Model18_C2,fan_508175_Model18,3,0,0,0.0,0.4627777777777778,3,,0,False,2
fan_508175_Model19_C1,fan_508175_Model19,1,0,0,0.0,0.0,1,,0,False,3
fan_508175_Model1_C1,fan_508175_Model1,3,0,0,0.0,0.24555555555555555,3,,0,False,2
fan_508175_Model1_C2,fan_508175_Model1,2,0,0,0.0,0.09722222222222222,2,,0,False,2
fan_508175_Model21_C1,fan_508175_Model21,27,0,0,0.0,1.4322222222222223,27,,0,False,3
fan_508175_Model21_C2,fan_508175_Model21,2,0,0,0.0,0.0008333333333333334,2,,0,False,3
fan_508175_Model3_C1,fan_508175_Model3,2,0,0,0.0,0.10833333333333334,2,,0,False,6
fan_508175_Model3_C2,fan_508175_Model3,1,0,0,0.0,0.0,1,,0,False,5
fan_508175_Model3_C3,fan_508175_Model3,12,0,0,0.0,2.6094444444444442,12,,0,True,0
fan_508175_Model4_C1,fan_508175_Model4,6,0,0,0.0,0.9063888888888889,6,,0,False,6
fan_508175_Model4_C2,fan_508175_Model4,2,0,0,0.0,0.02861111111111111,2,,0,False,5
fan_508175_Model4_C3,fan_508175_Model4,2,0,0,0.0,0.0002777777777777778,2,,0,False,3
fan_508175_Model4_C4,fan_508175_Model4,1,0,0,0.0,0.0,1,,0,False,2
fan_508175_Model4_C5,fan_508175_Model4,1,0,0,0.0,0.0,1,,0,True,1
fan_508175_Model4_C6,fan_508175_Model4,16,0,0,0.0,2.799166666666667,16,,0,True,0
fan_508175_Model8_C1,fan_508175_Model8,6,0,0,0.0,0.3527777777777778,6,,0,True,1
fan_508175_Model9_C1,fan_508175_Model9,1,0,0,0.0,0.0,1,,0,True,0
fan_518942_Model4_C1,fan_518942_Model4,47,3,3,0.06382978723404255,5.808055555555556,129,1.8388888888888888,0,False,6
fan_518942_Model4_C2,fan_518942_Model4,92,3,3,0.03260869565217391,12.909722222222221,4872326,5.722222222222222,0,False,5
fan_518942_Model4_C3,fan_518942_Model4,36,0,0,0.0,5.023611111111111,36,,0,False,5
fan_518942_Model4_C4,fan_518942_Model4,34,3,3,0.08823529411764706,2.9969444444444444,483,1.9283333333333332,0,False,4
fan_522306_Model15_C1,fan_522306_Model15,15,0,0,0.0,1.265,15,,0,True,1
fan_53650_Model3_C1,fan_53650_Model3,20,3,3,0.15,0.8061111111111111,154,0.24138888888888888,0,False,4
fan_540415_Model2_C1,fan_540415_Model2,11,0,0,0.0,0.32805555555555554,11,,0,True,1
fan_562138_Model3_C1,fan_562138_Model3,1,0,0,0.0,0.0,1,,0,False,4
fan_562138_Model3_C2,fan_562138_Model3,9,0,0,0.0,0.7983333333333333,9,,0,False,2
fan_562138_Model3_C3,fan_562138_Model3,1,0,0,0.0,0.0,1,,0,True,1
fan_562138_Model3_C4,fan_562138_Model3,18,1,1,0.05555555555555555,2.7280555555555557,-4031531,1.0058333333333334,0,True,0
fan_562138_Model3_C5,fan_562138_Model3,2,0,0,0.0,0.001388888888888889,2,,0,True,0
fan_573178_Model20_C1,fan_573178_Model20,10,0,0,0.0,0.6266666666666667,10,,0,False,4
fan_573178_Model20_C2,fan_573178_Model20,1,0,0,0.0,0.0,1,,0,False,3
fan_573178_Model20_C3,fan_573178_Model20,1,0,0,0.0,0.0,1,,0,False,3
fan_573178_Model20_C4,fan_573178_Model20,2,0,0,0.0,0.0011111111111111111,2,,0,False,2
fan_573178_Model20_C5,fan_573178_Model20,20,1,1,0.05,1.461111111111111,33,0.8988888888888888,0,True,1
fan_581879_Model11_C1,fan_581879_Model11,15,0,0,0.0,0.5477777777777778,15,,0,True,1
fan_586345_Model5_C1,fan_586345_Model5,7,1,1,0.14285714285714285,0.31833333333333336,9,0.2038888888888889,0,False,6
fan_586345_Model5_C2,fan_586345_Model5,6,0,0,0.0,0.07305555555555555,6,,0,True,0
fan_590096_Model12_C1,fan_590096_Model12,1,0,0,0.0,0.0,1,,0,False,5
fan_590096_Model12_C2,fan_590096_Model12,17,3,3,0.17647058823529413,1.4994444444444444,282646,0.89,0,False,4
fan_594435_Model8_C1,fan_594435_Model8,1,0,0,0.0,0.0,1,,0,False,6
fan_594435_Model8_C2,fan_594435_Model8,1,0,0,0.0,0.0,1,,0,False,5
fan_594435_Model8_C3,fan_594435_Model8,1,0,0,0.0,0.0,1,,0,True,0
fan_594435_Model8_C4,fan_594435_Model8,1,0,0,0.0,0.0,1,,0,True,0
fan_603059_Model17_C1,fan_603059_Model17,12,1,1,0.08333333333333333,2.3380555555555556,-251,1.93,0,True,1
fan_609606_Model18_C1,fan_609606_Model18,2,0,0,0.0,3.873611111111111,2,,0,False,6
fan_609606_Model18_C2,fan_609606_Model18,17,1,1,0.058823529411764705,1.4636111111111112,-144,0.215,0,False,6
fan_609606_Model18_C3,fan_609606_Model18,3,0,0,0.0,0.19027777777777777,3,,0,False,5
fan_628702_Model12_C1,fan_628702_Model12,6,0,0,0.0,0.38305555555555554,6,,0,False,6
fan_629017_Model3_C1,fan_629017_Model3,25,0,0,0.0,0.7238888888888889,25,,0,False,6
fan_629017_Model3_C2,fan_629017_Model3,60,0,0,0.0,1.3169444444444445,60,,0,False,5
fan_629017_Model3_C3,fan_629017_Model3,95,1,1,0.010526315789473684,3.085277777777778,231,0.3525,0,False,4
fan_629017_Model3_C4,fan_629017_Model3,1,0,0,0.0,0.0,1,,0,False,2
fan_629017_Model3_C5,fan_629017_Model3,2,0,0,0.0,0.0016666666666666668,2,,0,True,1
fan_629017_Model3_C6,fan_629017_Model3,9,0,0,0.0,0.27666666666666667,9,,0,True,0
fan_631691_Model16_C1,fan_631691_Model16,1,0,0,0.0,0.0,1,,0,False,4
fan_631691_Model16_C2,fan_631691_Model16,10,1,1,0.1,0.45,46,0.14666666666666667,0,False,4
fan_631691_Model7_C1,fan_631691_Model7,5,0,0,0.0,0.15638888888888888,5,,0,False,4
fan_632487_Model10_C1,fan_632487_Model10,2,0,0,0.0,0.43944444444444447,2,,0,False,6
fan_632487_Model10_C2,fan_632487_Model10,2,0,0,0.0,0.08277777777777778,2,,0,False,6
fan_632487_Model10_C3,fan_632487_Model10,38,1,1,0.02631578947368421,3.330277777777778,533,3.2055555555555557,0,False,4
fan_632487_Model10_C4,fan_632487_Model10,130,5,5,0.038461538461538464,17.253055555555555,-870718,13.225,0,False,3
fan_632487_Model10_C5,fan_632487_Model10,61,1,1,0.01639344262295082,16.227777777777778,-869127,14.233888888888888,0,False,2
fan_632487_Model10_C6,fan_632487_Model10,81,3,3,0.037037037037037035,12.811666666666667,704025,11.715277777777779,0,True,1
fan_632487_Model10_C7,fan_632487_Model10,9,0,0,0.0,5.504166666666666,9,,0,True,1
fan_632487_Model10_C8,fan_632487_Model10,24,1,1,0.041666666666666664,7.120833333333334,-1550769,6.912222222222222,0,True,0
fan_632487_Model10_C9,fan_632487_Model10,1,0,0,0.0,0.0,1,,0,True,0
fan_63765_Model17_C1,fan_63765_Model17,3,0,0,0.0,0.8386111111111111,3,,0,False,5
fan_63765_Model17_C2,fan_63765_Model17,5,0,0,0.0,5.058055555555556,5,,0,False,4
fan_63765_Model17_C3,fan_63765_Model17,3,0,0,0.0,1.35,3,,0,False,3
fan_63765_Model17_C4,fan_63765_Model17,1,0,0,0.0,0.0,1,,0,False,3
fan_63765_Model17_C5,fan_63765_Model17,1,0,0,0.0,0.0,1,,0,True,1
fan_63765_Model17_C6,fan_63765_Model17,9,0,0,0.0,1.1733333333333333,9,,0,True,1
fan_63765_Model17_C7,fan_63765_Model17,3,0,0,0.0,2.6883333333333335,3,,0,True,0
fan_63765_Model17_C8,fan_63765_Model17,6,0,0,0.0,2.9697222222222224,6,,0,True,0
fan_667120_Model12_C1,fan_667120_Model12,1,0,0,0.0,0.0,1,,0,False,3
fan_667120_Model17_C1,fan_667120_Model17,11,0,0,0.0,0.40444444444444444,11,,0,False,5
fan_667120_Model17_C2,fan_667120_Model17,9,1,1,0.1111111111111111,0.5494444444444444,41,0.205,0,False,3
fan_667120_Model17_C3,fan_667120_Model17,2,0,0,0.0,0.04777777777777778,2,,0,False,3
fan_667120_Model17_C4,fan_667120_Model17,2,0,0,0.0,0.29083333333333333,2,,0,False,3
fan_667120_Model17_C5,fan_667120_Model17,1,0,0,0.0,0.0,1,,0,False,2
fan_667120_Model17_C6,fan_667120_Model17,9,0,0,0.0,2.796388888888889,9,,0,False,2
fan_667120_Model19_C1,fan_667120_Model19,4,0,0,0.0,0.21138888888888888,4,,0,False,5
fan_667120_Model3_C1,fan_667120_Model3,42,5,5,0.11904761904761904,0.9119444444444444,145,0.20944444444444443,0,False,6
fan_667120_Model3_C2,fan_667120_Model3,2,0,0,0.0,0.04666666666666667,2,,0,False,5
fan_667120_Model3_C3,fan_667120_Model3,2,0,0,0.0,0.11361111111111111,2,,0,False,4
fan_667120_Model3_C4,fan_667120_Model3,1,0,0,0.0,0.0,1,,0,False,4
fan_667120_Model3_C5,fan_667120_Model3,4,0,0,0.0,0.1486111111111111,4,,0,True,0
fan_667120_Model7_C1,fan_667120_Model7,1,0,0,0.0,0.0,1,,0,False,2
fan_667120_Model9_C1,fan_667120_Model9,1,0,0,0.0,0.0,1,,0,False,4
fan_697133_Model15_C1,fan_697133_Model15,7,0,0,0.0,2.6544444444444446,7,,0,False,6
fan_697133_Model15_C2,fan_697133_Model15,8,1,1,0.125,0.6269444444444444,54,0.14972222222222223,0,True,0
fan_697133_Model15_C3,fan_697133_Model15,15,1,1,0.06666666666666667,0.39194444444444443,-128389,0.2727777777777778,0,True,0
fan_705085_Model2_C1,fan_705085_Model2,2,0,0,0.0,0.0019444444444444444,2,,0,True,1
fan_705085_Model3_C1,fan_705085_Model3,2,0,0,0.0,0.03805555555555556,2,,0,False,3
fan_717155_Model10_C1,fan_717155_Model10,1,0,0,0.0,0.0,1,,0,False,5
fan_717155_Model12_C1,fan_717155_Model12,1,0,0,0.0,0.0,1,,0,False,5
fan_717155_Model15_C1,fan_717155_Model15,8,1,1,0.125,0.25027777777777777,-15,0.15527777777777776,0,False,4
fan_717155_Model16_C1,fan_717155_Model16,15,0,0,0.0,0.6872222222222222,15,,0,False,6
fan_717155_Model16_C2,fan_717155_Model16,5,0,0,0.0,2.1830555555555557,5,,0,False,6
fan_717155_Model16_C3,fan_717155_Model16,7,0,0,0.0,0.6752777777777778,7,,0,False,5
fan_717155_Model16_C4,fan_717155_Model16,3,0,0,0.0,0.3186111111111111,3,,0,True,0
fan_717155_Model16_C5,fan_717155_Model16,3,0,0,0.0,1.6633333333333333,3,,0,True,0
fan_717155_Model17_C1,fan_717155_Model17,1,0,0,0.0,0.0,1,,0,False,5
fan_717155_Model22_C1,fan_717155_Model22,1,0,0,0.0,0.0,1,,0,False,4
fan_717155_Model4_C1,fan_717155_Model4,1,0,0,0.0,0.0,1,,0,True,0
fan_717155_Model9_C1,fan_717155_Model9,2,0,0,0.0,0.7233333333333334,2,,0,False,6
fan_727157_Model6_C1,fan_727157_Model6,7,0,0,0.0,0.6338888888888888,7,,0,False,3
fan_738747_Model4_C1,fan_738747_Model4,4,0,0,0.0,0.7261111111111112,4,,0,False,5
fan_738747_Model4_C2,fan_738747_Model4,10,0,0,0.0,0.36194444444444446,10,,0,False,5
fan_738747_Model4_C3,fan_738747_Model4,2,0,0,0.0,0.022222222222222223,2,,0,False,5
fan_738747_Model4_C4,fan_738747_Model4,3,0,0,0.0,0.1386111111111111,3,,0,False,4
fan_752010_Model2_C1,fan_752010_Model2,1,0,0,0.0,0.0,1,,0,True,1
fan_752010_Model4_C1,fan_752010_Model4,1,0,0,0.0,0.0,1,,0,False,4
fan_752010_Model7_C1,fan_752010_Model7,9,1,1,0.1111111111111111,0.7458333333333333,-79,0.5633333333333334,0,False,2
fan_780279_Model17_C1,fan_780279_Model17,6,0,0,0.0,2.451111111111111,6,,0,False,4
fan_780279_Model17_C2,fan_780279_Model17,7,0,0,0.0,0.30916666666666665,7,,0,False,3
fan_780279_Model17_C3,fan_780279_Model17,2,0,0,0.0,0.38805555555555554,2,,0,True,1
fan_789268_Model12_C1,fan_789268_Model12,8,1,1,0.125,1.4336111111111112,-139,0.9891666666666666,0,False,6
fan_789268_Model12_C2,fan_789268_Model12,3,0,0,0.0,0.09,3,,0,False,6
fan_789268_Model12_C3,fan_789268_Model12,7,0,0,0.0,3.9677777777777776,7,,0,False,5
fan_789268_Model12_C4,fan_789268_Model12,1,0,0,0.0,0.0,1,,0,False,5
fan_789268_Model12_C5,fan_789268_Model12,1,0,0,0.0,0.0,1,,0,False,5
fan_789268_Model9_C1,fan_789268_Model9,1,0,0,0.0,0.0,1,,0,False,5
fan_801131_Model3_C1,fan_801131_Model3,7,0,0,0.0,0.09972222222222223,7,,0,False,2
fan_80355_Model10_C1,fan_80355_Model10,1,0,0,0.0,0.0,1,,0,True,1
fan_817070_Model17_C1,fan_817070_Model17,1,0,0,0.0,0.0,1,,0,False,3
fan_817070_Model17_C2,fan_817070_Model17,16,1,1,0.0625,0.8783333333333333,202,0.625,0,True,0
fan_819196_Model11_C1,fan_819196_Model11,2,0,0,0.0,0.08694444444444445,2,,0,True,0
fan_819196_Model2_C1,fan_819196_Model2,3,0,0,0.0,0.06222222222222222,3,,0,True,0
fan_820213_Model18_C1,fan_820213_Model18,7,0,0,0.0,0.4058333333333333,7,,0,True,0
fan_820213_Model21_C1,fan_820213_Model21,7,1,1,0.14285714285714285,0.6444444444444445,9,0.20277777777777778,0,True,0
fan_83847_Model12_C1,fan_83847_Model12,31,3,3,0.0967741935483871,5.208333333333333,337192,3.8380555555555556,0,False,3
fan_851290_Model19_C1,fan_851290_Model19,1,0,0,0.0,0.0,1,,0,False,6
fan_851290_Model19_C2,fan_851290_Model19,18,0,0,0.0,0.9433333333333334,18,,0,False,6
fan_851290_Model19_C3,fan_851290_Model19,30,2,2,0.06666666666666667,2.818611111111111,231,0.2802777777777778,0,False,5
fan_851290_Model19_C4,fan_851290_Model19,1,0,0,0.0,0.0,1,,0,False,4
fan_851290_Model19_C5,fan_851290_Model19,1,0,0,0.0,0.0,1,,0,False,3
fan_851290_Model19_C6,fan_851290_Model19,2,0,0,0.0,0.09,2,,0,False,3
fan_851290_Model3_C1,fan_851290_Model3,12,0,0,0.0,0.3038888888888889,12,,0,False,5
fan_851290_Model4_C1,fan_851290_Model4,25,0,0,0.0,3.330277777777778,25,,0,False,3
fan_851290_Model7_C1,fan_851290_Model7,20,1,1,0.05,0.7744444444444445,128,0.3655555555555556,0,False,3
fan_851290_Model7_C2,fan_851290_Model7,37,0,0,0.0,9.259444444444444,37,,0,False,2
fan_851817_Model11_C1,fan_851817_Model11,1,0,0,0.0,0.0,1,,0,False,5
fan_851817_Model11_C2,fan_851817_Model11,4,0,0,0.0,0.45555555555555555,4,,0,False,3
fan_851817_Model11_C3,fan_851817_Model11,1,0,0,0.0,0.0,1,,0,True,1
fan_851817_Model6_C1,fan_851817_Model6,8,0,0,0.0,1.9388888888888889,8,,0,False,3
fan_851817_Model6_C2,fan_851817_Model6,1,0,0,0.0,0.0,1,,0,True,1
fan_851817_Model7_C1,fan_851817_Model7,2,0,0,0.0,0.9736111111111111,2,,0,False,5
fan_851817_Model7_C2,fan_851817_Model7,1,0,0,0.0,0.0,1,,0,False,3
fan_867344_Model10_C1,fan_867344_Model10,3,0,0,0.0,0.3488888888888889,3,,0,False,3
fan_867344_Model10_C2,fan_867344_Model10,1,0,0,0.0,0.0,1,,0,True,1
fan_867344_Model10_C3,fan_867344_Model10,1,0,0,0.0,0.0,1,,0,True,0
fan_867344_Model2_C1,fan_867344_Model2,1,0,0,0.0,0.0,1,,0,False,6
fan_867344_Model2_C2,fan_867344_Model2,3,0,0,0.0,2.9566666666666666,3,,0,False,2
fan_867344_Model2_C3,fan_867344_Model2,1,0,0,0.0,0.0,1,,0,True,0
fan_871342_Model3_C1,fan_871342_Model3,1,0,0,0.0,0.0,1,,0,False,3
fan_871342_Model4_C1,fan_871342_Model4,17,0,0,0.0,3.7605555555555554,17,,0,False,2
fan_874038_Model15_C1,fan_874038_Model15,2,0,0,0.0,1.0186111111111111,2,,0,False,6
fan_874038_Model15_C2,fan_874038_Model15,12,1,1,0.08333333333333333,1.2491666666666668,-286,0.36138888888888887,0,False,3
fan_878910_Model12_C1,fan_878910_Model12,15,0,0,0.0,1.706388888888889,15,,0,False,5
fan_878910_Model12_C2,fan_878910_Model12,7,0,0,0.0,0.3788888888888889,7,,0,False,2
fan_879489_Model17_C1,fan_879489_Model17,12,0,0,0.0,2.503888888888889,12,,0,True,0
fan_885694_Model20_C1,fan_885694_Model20,9,0,0,0.0,0.2916666666666667,9,,0,False,2
fan_915046_Model3_C1,fan_915046_Model3,9,1,1,0.1111111111111111,0.4041666666666667,-1901,0.1938888888888889,0,False,5
fan_929506_Model21_C1,fan_929506_Model21,26,1,1,0.038461538461538464,2.256111111111111,-2510049,1.9827777777777778,0,False,3
fan_933439_Model11_C1,fan_933439_Model11,13,0,0,0.0,4.2380555555555555,13,,0,False,2
fan_933439_Model11_C2,fan_933439_Model11,10,0,0,0.0,0.5572222222222222,10,,0,False,2
fan_933439_Model11_C3,fan_933439_Model11,6,1,1,0.16666666666666666,1.5158333333333334,-44,0.041944444444444444,0,True,1
fan_933439_Model11_C4,fan_933439_Model11,3,0,0,0.0,0.015555555555555555,3,,0,True,0
fan_933439_Model17_C1,fan_933439_Model17,4,0,0,0.0,0.6969444444444445,4,,0,False,3
fan_933439_Model19_C1,fan_933439_Model19,1,0,0,0.0,0.0,1,,0,False,5
fan_933439_Model2_C1,fan_933439_Model2,12,0,0,0.0,7.528611111111111,12,,0,False,6
fan_933439_Model2_C2,fan_933439_Model2,17,0,0,0.0,1.5469444444444445,17,,0,False,5
fan_933439_Model2_C3,fan_933439_Model2,14,0,0,0.0,0.3438888888888889,14,,0,False,3
fan_933439_Model2_C4,fan_933439_Model2,1,0,0,0.0,0.0,1,,0,False,3
fan_933439_Model2_C5,fan_933439_Model2,1,0,0,0.0,0.0,1,,0,False,3
fan_933439_Model2_C6,fan_933439_Model2,1,0,0,0.0,0.0,1,,0,True,1
fan_933439_Model2_C7,fan_933439_Model2,1,0,0,0.0,0.0,1,,0,True,0
fan_933439_Model3_C1,fan_933439_Model3,1,0,0,0.0,0.0,1,,0,False,6
fan_933439_Model3_C2,fan_933439_Model3,1,0,0,0.0,0.0,1,,0,False,5
fan_933439_Model8_C1,fan_933439_Model8,1,0,0,0.0,0.0,1,,0,False,5
fan_977469_Model22_C1,fan_977469_Model22,13,1,1,0.07692307692307693,1.3541666666666667,-9,0.6972222222222222,0,False,3
fan_98228_Model15_C1,fan_98228_Model15,1,0,0,0.0,0.0,1,,0,False,6
fan_98228_Model15_C2,fan_98228_Model15,3,0,0,0.0,0.41055555555555556,3,,0,False,5
fan_98228_Model15_C3,fan_98228_Model15,2,0,0,0.0,0.14083333333333334,2,,0,False,4
fan_98228_Model15_C4,fan_98228_Model15,1,0,0,0.0,0.0,1,,0,False,3
fan_98228_Model15_C5,fan_98228_Model15,2,0,0,0.0,0.04805555555555555,2,,0,False,3
fan_98228_Model15_C6,fan_98228_Model15,11,1,1,0.09090909090909091,1.0486111111111112,-139,0.5625,0,False,2
fan_98228_Model15_C7,fan_98228_Model15,4,0,0,0.0,0.9052777777777777,4,,0,True,1
neffy_335844_Model15_C1,neffy_335844_Model15,3,0,0,0.0,0.29333333333333333,3,,0,False,4
neffy_335844_Model6_C1,neffy_335844_Model6,108,4,4,0.037037037037037035,1.4516666666666667,-233,0.4313888888888889,0,False,5
neffy_335844_Model6_C2,neffy_335844_Model6,21,2,2,0.09523809523809523,4.955,196,4.538888888888889,0,False,4
neffy_335844_Model6_C3,neffy_335844_Model6,11,0,0,0.0,0.7761111111111111,11,,0,False,4
